<?xml version="1.0" encoding="UTF-8"?>
<!DOCTYPE beans PUBLIC "-//SPRING//DTD BEAN 2.0//EN" "http://www.springframework.org/dtd/spring-beans-2.0.dtd">

<beans>
	<bean id="triangle" class="com.wordpress.aneelsahu.Triangle" autowire="constructor">
		
	</bean> 
	
	<bean id="pointA" class="com.wordpress.aneelsahu.Point">
	    		<property name="x" value="0" />
	    		<property name="y" value="0" />		   				
	</bean>		
			
	<!-- bean id="pointB" class="com.wordpress.aneelsahu.Point">
	    		<property name="x" value="-20" />
	    		<property name="y" value="0" />		   				
	</bean>		
		
	
	<bean id="pointC" class="com.wordpress.aneelsahu.Point">
	    <property name="x" value="20" />
	    <property name="y" value="0" />		   				
	</bean-->
	
	
	
	
</beans>