<?xml version="1.0" encoding="UTF-8" ?>

<!DOCTYPE struts PUBLIC
	"-//Apache Software Foundation//DTD Struts Configuration 2.3//EN"
	"http://struts.apache.org/dtds/struts-2.3.dtd">

<!-- START SNIPPET: xworkSample -->
<struts>
    <package name="default" namespace="/tutorials" extends="struts-default">
       <action name="getTutorial" class="com.wordpress.amrutapatro.action.TutorialAction">
         <result name="success">/success.jsp</result>
         <result name="failure">/error.jsp</result>         
       </action>
    </package>

</struts>

<!-- END SNIPPET: xworkSample -->

